,cum_tr_loss,epoch,time,tr_loss
0,0.4220253212428317,1,700.1493558883667,0.27148622759464386
1,0.21473541862129522,2,698.2943692207336,0.15899839200230828
