,cum_tr_loss,epoch,time,tr_loss
0,0.4229457999344686,1,695.1303777694702,0.29339091281929747
1,0.21624723314234434,2,696.6782329082489,0.16690261852411034
