,cum_tr_loss,epoch,time,tr_loss
0,0.4324862578483633,1,696.0290842056274,0.30334845141327443
1,0.22004305715285782,2,696.7120306491852,0.15785106575596605
