,cum_tr_loss,epoch,time,tr_loss
0,0.43693505112440073,1,701.1869542598724,0.27868857083789467
1,0.21502697427137016,2,701.532525062561,0.1409612206007606
