,cum_tr_loss,epoch,time,tr_loss
0,0.44586381914016016,1,697.8535733222961,0.3175796555203804
1,0.22539170713257672,2,701.597184419632,0.16179252484165965
