,cum_tr_loss,epoch,time,tr_loss
0,0.41421303999384385,1,697.5793266296387,0.24084424471493507
1,0.21078686664394355,2,698.202091217041,0.1565299497577092
