,cum_tr_loss,epoch,time,tr_loss
0,0.41042475782970556,1,697.6877992153168,0.2700127043837006
1,0.20477757833050744,2,697.7188556194305,0.14646845040144504
