,cum_tr_loss,epoch,time,tr_loss
0,0.4438858437968814,1,696.1698410511017,0.28777193239265675
1,0.22317905927444306,2,698.5806448459625,0.1603114011467045
