,cum_tr_loss,epoch,time,tr_loss
0,0.4334791322164851,1,703.7092559337616,0.24854468894063536
1,0.21213975572820215,2,703.6382067203522,0.14872098833194558
