,cum_tr_loss,epoch,time,tr_loss
0,0.4081755956477335,1,698.1009845733643,0.2871070242113445
1,0.21129454402612038,2,698.4682424068451,0.16217894420102172
