,cum_tr_loss,epoch,time,tr_loss
0,0.41743828260728777,1,698.7206072807312,0.28232918059843126
1,0.21063871413926263,2,699.9138293266296,0.14394155700881742
