,cum_tr_loss,epoch,time,tr_loss
0,0.4087489395563401,1,695.8055789470673,0.28129573608654523
1,0.20107204704010415,2,694.8604423999786,0.13714502647780066
