,cum_tr_loss,epoch,time,tr_loss
0,0.41424956668236623,1,696.6475384235382,0.2935614928918492
1,0.1951570285134426,2,697.2276117801666,0.13736457610304195
