,cum_tr_loss,epoch,time,tr_loss
0,0.41434181247584095,1,703.1801769733429,0.26560272834400495
1,0.21131342178674883,2,700.3325824737549,0.1675656599276601
