,cum_tr_loss,epoch,time,tr_loss
0,0.43200947675285134,1,700.9406106472015,0.2729887801377654
1,0.22223742284204165,2,703.5589218139648,0.16730529933998076
