,cum_tr_loss,epoch,time,tr_loss
0,0.42319244069317746,1,700.7912104129791,0.21540697393240513
1,0.1988837076244739,2,703.9405899047852,0.12659318161146405
