,cum_tr_loss,epoch,time,tr_loss
0,0.4106434752253542,1,699.8807010650635,0.2620459188095352
1,0.205612180887688,2,702.8297529220581,0.14740772706374516
