,cum_tr_loss,epoch,time,tr_loss
0,0.4186649847065355,1,697.6198446750641,0.25649777008868757
1,0.20345531053813928,2,695.4202628135681,0.16713075125865975
