,cum_tr_loss,epoch,time,tr_loss
0,0.43002839060918524,1,696.1390585899353,0.2945489081899963
1,0.21390574681197927,2,697.4783716201782,0.14786452866591376
