,cum_tr_loss,epoch,time,tr_loss
0,0.4585915508869656,1,698.8837125301361,0.34961701011545304
1,0.23949964376533137,2,696.6099622249603,0.17015558382501256
