,cum_tr_loss,epoch,time,tr_loss
0,0.437040068563994,1,698.3694062232971,0.3117296254754963
1,0.2138509856871417,2,703.6799244880676,0.14631749813239578
