,cum_tr_loss,epoch,time,tr_loss
0,0.414237297069655,1,695.900722026825,0.28618860170437543
1,0.20773911442813983,2,695.0998983383179,0.1558905820422699
