,cum_tr_loss,epoch,time,tr_loss
0,0.42568514319094913,1,696.5351932048798,0.29030134099806215
1,0.21219518187025027,2,701.1302011013031,0.15775270553073228
