,cum_tr_loss,epoch,time,tr_loss
0,0.41902975837768386,1,696.3911375999451,0.2705039106615533
1,0.20494184957769795,2,697.8692700862885,0.14599576400430664
