,cum_tr_loss,epoch,time,tr_loss
0,0.41149968913063395,1,701.4753274917603,0.286832782364194
1,0.2110240059412603,2,701.0664768218994,0.16802348071173148
