,cum_tr_loss,epoch,time,tr_loss
0,0.5265353210709577,1,700.1940467357635,0.5219890254047429
1,0.3281161490133141,2,702.6120791435242,0.3052497015610257
