,cum_tr_loss,epoch,time,tr_loss
0,0.4242157424635583,1,702.734543800354,0.26756858464571315
1,0.19862665454745515,2,697.9649288654327,0.13858176530855296
