,cum_tr_loss,epoch,time,tr_loss
0,0.4215346736412406,1,697.2666759490967,0.23401181398860385
1,0.20286488673424216,2,700.6417789459229,0.14454940053572451
