,cum_tr_loss,epoch,time,tr_loss
0,0.4399970851648281,1,697.02445936203,0.32340671415731387
1,0.23042163776699454,2,697.2595367431641,0.1692101087899595
