,cum_tr_loss,epoch,time,tr_loss
0,0.44260074057118565,1,698.0386610031128,0.2786823341490799
1,0.22543073036153047,2,698.3221683502197,0.16298819745907106
