,cum_tr_loss,epoch,time,tr_loss
0,0.4984284910416902,1,207.49957966804504,0.15002526136787026
1,0.15406416882704865,2,206.09151768684387,0.07269432574953104
