,cum_tr_loss,epoch,time,tr_loss
0,0.5251098160635301,1,205.12386202812195,0.16623929367677448
1,0.16227560470852187,2,203.8228862285614,0.08793797691410533
