,cum_tr_loss,epoch,time,tr_loss
0,0.5268431328796017,1,204.06996941566467,0.16692527678833216
1,0.16810556566193138,2,204.42017436027527,0.08466166327789802
