,cum_tr_loss,epoch,time,tr_loss
0,0.5116067866264254,1,204.6408953666687,0.16666626177810664
1,0.15986800322047437,2,204.54022526741028,0.07665213003829263
