,cum_tr_loss,epoch,time,tr_loss
0,0.5110295446875555,1,205.13780307769775,0.1513530919038731
1,0.15660565467157023,2,204.54032921791077,0.07972144784411735
