,cum_tr_loss,epoch,time,tr_loss
0,0.5079798342476818,1,209.37472987174988,0.1469376906835703
1,0.1517052674166706,2,206.05608677864075,0.07145930807952312
