,cum_tr_loss,epoch,time,tr_loss
0,0.5201351775361855,1,205.04762291908264,0.19123426284626913
1,0.17545603841178367,2,203.7716360092163,0.08697334188198672
