,cum_tr_loss,epoch,time,tr_loss
0,0.509349304598213,1,205.87364959716797,0.1576520508618588
1,0.16352045489935355,2,206.29309058189392,0.08394889948055259
