,cum_tr_loss,epoch,time,tr_loss
0,0.5033524197200774,1,204.5048291683197,0.1459293286755464
1,0.1518630524133399,2,203.88652968406677,0.07200922183931872
