,cum_tr_loss,epoch,time,tr_loss
0,0.4987549747355861,1,203.5185203552246,0.1443064815811882
1,0.1551195159020519,2,202.93653512001038,0.08130215081992077
