,cum_tr_loss,epoch,time,tr_loss
0,0.5106640704685733,1,207.2577474117279,0.16821219300140083
1,0.16664823008709992,2,205.31597423553467,0.08854939988408383
