,cum_tr_loss,epoch,time,tr_loss
0,0.5104897264140154,1,208.30094933509827,0.15616146365974556
1,0.1671545393213229,2,205.40684461593628,0.08429812479620573
