,cum_tr_loss,epoch,time,tr_loss
0,0.5156204922473885,1,204.6576588153839,0.153567975768189
1,0.1575952401928715,2,207.19743275642395,0.0804613386198241
