,cum_tr_loss,epoch,time,tr_loss
0,0.51506425041351,1,204.85980200767517,0.14999463174326516
1,0.1588632141528417,2,204.45691967010498,0.0808479211588355
