,cum_tr_loss,epoch,time,tr_loss
0,0.5072152439337717,1,205.39277267456055,0.16799247583833246
1,0.16913002754822257,2,203.98574376106262,0.08375333105372985
