,cum_tr_loss,epoch,time,tr_loss
0,0.5048606057650504,1,205.2715847492218,0.14876932500358495
1,0.1583317838893092,2,204.47558069229126,0.07940783580205216
