,cum_tr_loss,epoch,time,tr_loss
0,0.4969486205103102,1,204.4882047176361,0.1674474234795524
1,0.16210590992655283,2,203.34613037109375,0.0826849413211675
