,cum_tr_loss,epoch,time,tr_loss
0,0.516787317867231,1,204.17239785194397,0.15168139565341174
1,0.1491167642455318,2,202.82745385169983,0.07425692794051714
