,cum_tr_loss,epoch,time,tr_loss
0,0.5204886237748456,1,208.38233017921448,0.16655222005735915
1,0.15799322672708543,2,207.62529921531677,0.07995861922326591
