,cum_tr_loss,epoch,time,tr_loss
0,0.5092517243278182,1,205.89449548721313,0.14848855223510765
1,0.1576662999013525,2,205.87611079216003,0.07863893918315383
