,cum_tr_loss,epoch,time,tr_loss
0,0.5091116808073283,1,204.75782251358032,0.16459870229228046
1,0.16467378595449583,2,203.76566576957703,0.08385286230167255
