,cum_tr_loss,epoch,time,tr_loss
0,0.4931786743821936,1,205.53130054473877,0.15231744430229055
1,0.1516695849927245,2,205.166996717453,0.0763678366599608
