,cum_tr_loss,epoch,time,tr_loss
0,0.5146212203981253,1,208.27020287513733,0.15705667797692574
1,0.16506479745371994,2,206.02842116355896,0.0809935113934809
