,cum_tr_loss,epoch,time,tr_loss
0,0.49727552493315386,1,204.29867124557495,0.1551368014053615
1,0.15225268469746656,2,205.9554123878479,0.07428453811465513
