,cum_tr_loss,epoch,time,tr_loss
0,0.5062806870648595,1,204.17570281028748,0.15960070931785614
1,0.15603228371551883,2,207.004004240036,0.07890241993898041
