,cum_tr_loss,epoch,time,tr_loss
0,0.5114228883256127,1,204.83739185333252,0.16585421415178006
1,0.1679896225927687,2,203.8828420639038,0.08804535296302624
