,cum_tr_loss,epoch,time,tr_loss
0,0.5197101013767571,1,207.68931317329407,0.1723700789495304
1,0.1752758017352674,2,205.7803602218628,0.09190982419860337
