,cum_tr_loss,epoch,time,tr_loss
0,0.5323517014494673,1,206.86937761306763,0.1616451563094312
1,0.17052628375267273,2,207.01351189613342,0.08631962018826041
