,cum_tr_loss,epoch,time,tr_loss
0,0.5115677032813009,1,208.7803635597229,0.14498054188862589
1,0.14917523411391487,2,207.3934633731842,0.07329848854332
