,cum_tr_loss,epoch,time,tr_loss
0,0.5081408207480707,1,207.92464232444763,0.16467223449880014
1,0.16391171525384785,2,206.88267850875854,0.08169651079533104
